worker_id,latitude,longitude,badge_level,lat_bin,lon_bin
WK1,12.979770446284054,77.52851170512078,Pro,12.98,77.53
WK2,12.969795469407432,77.5240936397216,Pro,12.97,77.52
WK3,12.856410516451609,77.72187637415631,Pro,12.86,77.72
WK4,12.935311956906538,77.52486385995485,Pro,12.94,77.52
WK5,12.945048904696463,77.53158491783859,Pro,12.95,77.53
WK6,12.949705695224225,77.6778194787254,Beginner,12.95,77.68
WK7,12.995043092306833,77.58492195273516,Pro,13.0,77.58
WK8,12.983400636681719,77.68301316708656,Pro,12.98,77.68
WK9,13.00197627319836,77.46960984726933,Beginner,13.0,77.47
WK10,13.041220815385532,77.59627135810202,Beginner,13.04,77.6
WK11,13.053246434679023,77.46008408005498,Beginner,13.05,77.46
WK12,13.029530769056624,77.4687959610366,Beginner,13.03,77.47
WK13,13.088880923988734,77.72193123600333,Beginner,13.09,77.72
WK14,12.85455814566909,77.49177361133528,Beginner,12.85,77.49
WK15,12.898944496420887,77.60972620468257,Pro,12.9,77.61
WK16,12.851890718744535,77.57332868078021,Pro,12.85,77.57
WK17,13.01186867853865,77.55420299787765,Intermediate,13.01,77.55
WK18,13.074507637237497,77.71995000370619,Pro,13.07,77.72
WK19,12.910870574144074,77.45654701903266,Pro,12.91,77.46
WK20,13.081758636199076,77.64913690585267,Beginner,13.08,77.65
WK21,12.86506684757239,77.73901833026406,Beginner,12.87,77.74
WK22,13.083609006701378,77.61805045503856,Pro,13.08,77.62
WK23,12.937905671809908,77.73104673860993,Intermediate,12.94,77.73
WK24,12.875355207112303,77.46567736378582,Beginner,12.88,77.47
WK25,12.97146793979658,77.57563799572225,Pro,12.97,77.58
WK26,12.914194141930126,77.52804733728861,Pro,12.91,77.53
WK27,12.921218225490481,77.66924628949423,Intermediate,12.92,77.67
WK28,12.92682249123157,77.74438912714918,Intermediate,12.93,77.74
WK29,13.050756474458165,77.52695901873328,Beginner,13.05,77.53
WK30,12.984790319168813,77.64625238044222,Intermediate,12.98,77.65
WK31,12.927826924789,77.50942928982792,Pro,12.93,77.51
WK32,13.00258344582773,77.61959907637149,Pro,13.0,77.62
WK33,13.029037668555798,77.58917974600651,Intermediate,13.03,77.59
WK34,12.918156000183384,77.74160159888946,Intermediate,12.92,77.74
WK35,12.953387275381338,77.63255818180895,Intermediate,12.95,77.63
WK36,12.880471523334236,77.55485191162605,Intermediate,12.88,77.55
WK37,12.89528733738367,77.48422873546639,Beginner,12.9,77.48
WK38,13.020279463491246,77.49537404862048,Intermediate,13.02,77.5
WK39,12.895359586923906,77.51759507898537,Beginner,12.9,77.52
WK40,12.981290845916766,77.52528999840209,Pro,12.98,77.53
WK41,13.027261565430608,77.70518481735235,Intermediate,13.03,77.71
WK42,12.876719230773686,77.61836683648475,Beginner,12.88,77.62
WK43,12.991828054907225,77.60701727341231,Intermediate,12.99,77.61
WK44,12.91414069592534,77.48443066156076,Pro,12.91,77.48
WK45,13.090731718809394,77.70804190800483,Pro,13.09,77.71
WK46,12.970886411679981,77.66684429096254,Pro,12.97,77.67
WK47,13.051498137443788,77.47030050857,Intermediate,13.05,77.47
WK48,12.987556635539065,77.66235052916893,Intermediate,12.99,77.66
WK49,12.860853133213704,77.61306146520279,Beginner,12.86,77.61
WK50,13.008287843898506,77.47451760372404,Pro,13.01,77.47
WK51,13.087850835551665,77.5874901924586,Intermediate,13.09,77.59
WK52,13.000402955036582,77.59540888613901,Pro,13.0,77.6
WK53,13.054797214856697,77.49973236204899,Pro,13.05,77.5
WK54,13.071051615837101,77.73370944410009,Beginner,13.07,77.73
WK55,12.907019942987233,77.7049926114442,Beginner,12.91,77.7
WK56,12.903011209977056,77.65070670119873,Beginner,12.9,77.65
WK57,13.002745247212747,77.58868866830018,Beginner,13.0,77.59
WK58,12.952757117451675,77.57352966247535,Pro,12.95,77.57
WK59,13.05996532571668,77.64529204014529,Beginner,13.06,77.65
WK60,13.075005780849503,77.61362956082208,Beginner,13.08,77.61
WK61,12.938355344825679,77.46868193176456,Beginner,12.94,77.47
WK62,12.90921763974362,77.6037507946311,Beginner,12.91,77.6
WK63,13.045131378810964,77.69192108516985,Pro,13.05,77.69
WK64,12.918701508887034,77.5877719632791,Beginner,12.92,77.59
WK65,13.05565357962842,77.46558697326628,Pro,13.06,77.47
WK66,12.95593456341219,77.68588345981522,Intermediate,12.96,77.69
WK67,13.016887474822868,77.5104091346408,Pro,13.02,77.51
WK68,12.873883828458666,77.52758625046641,Pro,12.87,77.53
WK69,13.005964831169143,77.49941190602969,Beginner,13.01,77.5
WK70,12.962941919684306,77.54906451946145,Intermediate,12.96,77.55
WK71,12.996652115793868,77.6770254517066,Intermediate,13.0,77.68
WK72,12.892003551936215,77.60581575785119,Intermediate,12.89,77.61
WK73,13.034218436236046,77.51146438224522,Intermediate,13.03,77.51
WK74,13.065699269385807,77.71334902344562,Pro,13.07,77.71
WK75,12.904184950022694,77.71387455648546,Intermediate,12.9,77.71
WK76,12.87392863888004,77.71117352751381,Pro,12.87,77.71
WK77,12.855909646511584,77.52163886341447,Pro,12.86,77.52
WK78,13.010492875110817,77.5853718032543,Pro,13.01,77.59
WK79,13.001773509022195,77.74549689684227,Intermediate,13.0,77.75
WK80,12.986674353178516,77.681603742893,Beginner,12.99,77.68
WK81,12.907986774028993,77.45815022636766,Beginner,12.91,77.46
WK82,12.947726498976378,77.46956137737816,Intermediate,12.95,77.47
WK83,12.998619083796543,77.5891794130437,Beginner,13.0,77.59
WK84,12.974191714714792,77.72276606175846,Beginner,12.97,77.72
WK85,13.096946380053721,77.61161053938582,Pro,13.1,77.61
WK86,12.884109938139183,77.59934375241029,Pro,12.88,77.6
WK87,13.023786138511898,77.48164210998699,Intermediate,13.02,77.48
WK88,12.951079692026072,77.64703403141729,Intermediate,12.95,77.65
WK89,12.957049903731404,77.69663094818007,Beginner,12.96,77.7
WK90,13.029399441414544,77.56412600225227,Pro,13.03,77.56
WK91,13.023109037831093,77.68268355527759,Intermediate,13.02,77.68
WK92,13.097813998425547,77.73934299617024,Intermediate,13.1,77.74
WK93,12.882098572363532,77.5111299377383,Intermediate,12.88,77.51
WK94,12.87602741234604,77.60699888935842,Intermediate,12.88,77.61
WK95,13.031084704282184,77.53614138742537,Intermediate,13.03,77.54
WK96,12.994596729251603,77.68785632571016,Intermediate,12.99,77.69
WK97,12.918540166639952,77.62327800976435,Beginner,12.92,77.62
WK98,12.869854842247246,77.64037472526509,Pro,12.87,77.64
WK99,12.871414562399107,77.68937424788477,Pro,12.87,77.69
WK100,13.07354771866603,77.56879114179874,Intermediate,13.07,77.57
WK101,12.897966831179685,77.72452702052212,Pro,12.9,77.72
WK102,12.93084289052888,77.60990866017384,Pro,12.93,77.61
WK103,12.906664100556746,77.49738644685061,Pro,12.91,77.5
WK104,12.938749076457984,77.65876973545065,Intermediate,12.94,77.66
WK105,12.867355960686522,77.68797840513147,Intermediate,12.87,77.69
WK106,12.979764947727068,77.54502850312026,Pro,12.98,77.55
WK107,12.866903140898053,77.70715377709962,Pro,12.87,77.71
WK108,13.05008912695559,77.72184297642973,Intermediate,13.05,77.72
WK109,12.908428020477608,77.53307134621335,Beginner,12.91,77.53
WK110,12.985002978651128,77.74505644181457,Pro,12.99,77.75
WK111,13.070019771890363,77.49221345841462,Beginner,13.07,77.49
WK112,13.012719342261798,77.51060470052074,Pro,13.01,77.51
WK113,12.983239446637834,77.50526745177142,Beginner,12.98,77.51
WK114,12.931083438278844,77.71819691300236,Beginner,12.93,77.72
WK115,12.933250478264549,77.6462877656975,Beginner,12.93,77.65
WK116,13.017371738799547,77.49563128496668,Intermediate,13.02,77.5
WK117,13.098534840305291,77.5820970255105,Beginner,13.1,77.58
WK118,13.015459797462345,77.63458940752095,Beginner,13.02,77.63
WK119,12.989445854342506,77.47503922549681,Beginner,12.99,77.48
WK120,13.03266262755981,77.71472491052221,Pro,13.03,77.71
WK121,12.96630140307093,77.69108106063246,Beginner,12.97,77.69
WK122,12.865035585650196,77.60156203207299,Pro,12.87,77.6
WK123,12.990574203969476,77.74013798457776,Beginner,12.99,77.74
WK124,13.089406321126345,77.57532829378253,Beginner,13.09,77.58
WK125,12.893825735589415,77.74523309571094,Intermediate,12.89,77.75
WK126,13.022501222705166,77.65037599964108,Pro,13.02,77.65
WK127,12.900233422164764,77.64040138197619,Beginner,12.9,77.64
WK128,12.98395692111827,77.49978646858874,Pro,12.98,77.5
WK129,12.87416911241168,77.7145783274914,Pro,12.87,77.71
WK130,12.962592734064547,77.57824690637618,Intermediate,12.96,77.58
WK131,13.039040832223812,77.49867002173475,Intermediate,13.04,77.5
WK132,12.936892881059745,77.45378225599273,Intermediate,12.94,77.45
WK133,13.016227931121804,77.61792670509152,Intermediate,13.02,77.62
WK134,13.048862490197433,77.6082198866368,Intermediate,13.05,77.61
WK135,13.081794454869863,77.66580608671075,Intermediate,13.08,77.67
WK136,12.908660520463863,77.71707741590534,Intermediate,12.91,77.72
WK137,12.949828978952327,77.47382197539291,Intermediate,12.95,77.47
WK138,12.888104003332604,77.66944894710211,Beginner,12.89,77.67
WK139,13.098120875539593,77.50622358322927,Pro,13.1,77.51
WK140,13.081750241981073,77.70745311594715,Intermediate,13.08,77.71
WK141,12.98498928257014,77.6957190541585,Intermediate,12.98,77.7
WK142,13.060508323594105,77.61223812649567,Pro,13.06,77.61
WK143,12.98023949431801,77.66307283958699,Beginner,12.98,77.66
WK144,13.00589642200069,77.54430503395513,Pro,13.01,77.54
WK145,12.872281108029004,77.59135036967984,Pro,12.87,77.59
WK146,13.038817605124201,77.69649106931314,Intermediate,13.04,77.7
WK147,12.881928370908808,77.58777955915197,Pro,12.88,77.59
WK148,13.056516907563132,77.55733947959763,Pro,13.06,77.56
WK149,13.045507021917595,77.59826373417509,Intermediate,13.05,77.6
WK150,13.027186174435744,77.69847477573117,Intermediate,13.03,77.7
WK151,12.85904009513119,77.55056241421126,Intermediate,12.86,77.55
WK152,12.925782088986331,77.50212847794073,Intermediate,12.93,77.5
WK153,12.915778142477711,77.66360420609924,Pro,12.92,77.66
WK154,12.94003410186788,77.69779346381243,Pro,12.94,77.7
WK155,12.87191068669096,77.48019124355706,Beginner,12.87,77.48
WK156,13.084239455757766,77.52196223382678,Beginner,13.08,77.52
WK157,12.988450560178094,77.4925915969283,Pro,12.99,77.49
WK158,12.926381077664505,77.55438242347465,Beginner,12.93,77.55
WK159,12.94924537926857,77.58510529367163,Pro,12.95,77.59
WK160,12.961800635126208,77.67464790108899,Beginner,12.96,77.67
WK161,13.000148583340154,77.64534427546451,Intermediate,13.0,77.65
WK162,12.978919856924124,77.63627857024353,Beginner,12.98,77.64
WK163,13.079847993303604,77.5557124839829,Intermediate,13.08,77.56
WK164,12.974240870726458,77.70243426592543,Intermediate,12.97,77.7
WK165,13.098039503705827,77.59138615021945,Intermediate,13.1,77.59
WK166,13.062856239436273,77.74373148140455,Intermediate,13.06,77.74
WK167,12.902127628589334,77.64024264148873,Beginner,12.9,77.64
WK168,13.082648803660978,77.48787942246935,Pro,13.08,77.49
WK169,12.87909159947137,77.65285326862264,Intermediate,12.88,77.65
WK170,13.054362427122797,77.54753120462951,Beginner,13.05,77.55
WK171,12.945155823369145,77.65589815900583,Intermediate,12.95,77.66
WK172,13.069493580111267,77.47089234444873,Beginner,13.07,77.47
WK173,13.067014172526862,77.50246443115279,Beginner,13.07,77.5
WK174,13.051481350029405,77.70672117767174,Beginner,13.05,77.71
WK175,13.047507609076765,77.51815386710706,Pro,13.05,77.52
WK176,12.92616978477451,77.70111233757288,Beginner,12.93,77.7
WK177,12.870229820762813,77.53378282653632,Beginner,12.87,77.53
WK178,12.95074504469129,77.64286457301762,Pro,12.95,77.64
WK179,12.893381128746627,77.65824517205294,Pro,12.89,77.66
WK180,13.023737772225616,77.60379642594351,Beginner,13.02,77.6
WK181,12.936524931634446,77.54159320300901,Pro,12.94,77.54
WK182,13.093902550214978,77.51379331291133,Intermediate,13.09,77.51
WK183,13.010243019336333,77.45995680636874,Intermediate,13.01,77.46
WK184,13.055620140908589,77.54118392037222,Pro,13.06,77.54
WK185,12.883131168185463,77.64594883715938,Pro,12.88,77.65
WK186,13.065503620568155,77.73149144553454,Beginner,13.07,77.73
WK187,13.080689297628348,77.71136134467892,Pro,13.08,77.71
WK188,12.971765479704734,77.67981943296058,Beginner,12.97,77.68
WK189,13.001563234437745,77.68653420297599,Intermediate,13.0,77.69
WK190,13.041202450225748,77.6494954710428,Pro,13.04,77.65
WK191,12.893709656815103,77.5280860572698,Beginner,12.89,77.53
WK192,12.975641519115861,77.72215850921175,Beginner,12.98,77.72
WK193,12.949665756943078,77.65121969357175,Intermediate,12.95,77.65
WK194,12.886593498040561,77.61813218929413,Pro,12.89,77.62
WK195,12.941883605572883,77.48329684076404,Intermediate,12.94,77.48
WK196,12.867043077346374,77.58411666314193,Beginner,12.87,77.58
WK197,12.856452976737371,77.58810748136058,Beginner,12.86,77.59
WK198,12.883791572288706,77.7093690828568,Pro,12.88,77.71
WK199,13.090778777897293,77.61399446605634,Beginner,13.09,77.61
WK200,12.987382383973754,77.56412016469112,Pro,12.99,77.56
WK201,13.091455540288305,77.7430400985532,Intermediate,13.09,77.74
WK202,12.958124469582533,77.4832161779979,Pro,12.96,77.48
WK203,12.927954033271314,77.57676452849358,Pro,12.93,77.58
WK204,12.976535465710061,77.46260740255143,Beginner,12.98,77.46
WK205,12.959877922158228,77.67197123623008,Beginner,12.96,77.67
WK206,12.876416171065436,77.72542296565975,Pro,12.88,77.73
WK207,13.010206578672552,77.53401119886514,Beginner,13.01,77.53
WK208,12.9040095456274,77.70750250303973,Beginner,12.9,77.71
WK209,13.004896988724457,77.53766546913857,Beginner,13.0,77.54
WK210,13.012550273099539,77.72323104849318,Pro,13.01,77.72
WK211,12.888006213282162,77.67618857107904,Beginner,12.89,77.68
WK212,12.865337406777666,77.69147203305243,Pro,12.87,77.69
WK213,13.045190396517109,77.45540196668014,Beginner,13.05,77.46
WK214,12.96495010594233,77.73884310712221,Intermediate,12.96,77.74
WK215,12.86454094887637,77.6680012976211,Beginner,12.86,77.67
WK216,13.098716579292441,77.54142532861584,Beginner,13.1,77.54
WK217,12.86444514024909,77.69881839945765,Pro,12.86,77.7
WK218,13.023758807214637,77.53445635952448,Pro,13.02,77.53
WK219,13.095919731315853,77.71182615186984,Beginner,13.1,77.71
WK220,12.909795026053981,77.48377411712359,Intermediate,12.91,77.48
WK221,12.885562342171799,77.66110579323824,Beginner,12.89,77.66
WK222,12.880346234855606,77.61220954299347,Beginner,12.88,77.61
WK223,12.925818786891899,77.47896034105864,Intermediate,12.93,77.48
WK224,12.875261452752662,77.52256814847766,Pro,12.88,77.52
WK225,13.023040335423532,77.4537212108832,Beginner,13.02,77.45
WK226,12.865572949532515,77.59063038963936,Pro,12.87,77.59
WK227,12.977355532037446,77.540379578228,Pro,12.98,77.54
WK228,13.099174213463243,77.62950724528933,Intermediate,13.1,77.63
WK229,13.053492567376505,77.53917134231259,Intermediate,13.05,77.54
WK230,13.003804859557752,77.5399757334521,Pro,13.0,77.54
WK231,12.926563405196653,77.67295795961948,Beginner,12.93,77.67
WK232,13.005973959072909,77.4644428507935,Pro,13.01,77.46
WK233,12.981760365977912,77.72086849855759,Beginner,12.98,77.72
WK234,12.956520845972593,77.70567916231735,Beginner,12.96,77.71
WK235,12.882677594185049,77.65034140496792,Intermediate,12.88,77.65
WK236,13.071651053810116,77.62796647103221,Beginner,13.07,77.63
WK237,12.96244616220533,77.7176907494419,Beginner,12.96,77.72
WK238,12.898655627955192,77.50559905385862,Pro,12.9,77.51
WK239,12.941939837719323,77.47369074865725,Intermediate,12.94,77.47
WK240,12.953532438132232,77.52185305097287,Beginner,12.95,77.52
WK241,13.056884473891719,77.68837348361006,Beginner,13.06,77.69
WK242,13.03340359514035,77.46040108001795,Intermediate,13.03,77.46
WK243,13.042326223410335,77.62484205052505,Pro,13.04,77.62
WK244,12.852757816107161,77.74863125485739,Intermediate,12.85,77.75
WK245,12.95403849954494,77.70670882815126,Intermediate,12.95,77.71
WK246,12.970336037908831,77.60643370671308,Beginner,12.97,77.61
WK247,12.854798069205764,77.469092272786,Beginner,12.85,77.47
WK248,12.914953302186259,77.69941205431572,Pro,12.91,77.7
WK249,13.040072455780534,77.62969355245316,Beginner,13.04,77.63
WK250,12.884277426432249,77.48447989911787,Beginner,12.88,77.48
WK251,12.983827532863147,77.478157185447,Intermediate,12.98,77.48
WK252,12.90380046800431,77.72288804583098,Beginner,12.9,77.72
WK253,12.853030193660972,77.65076007888142,Pro,12.85,77.65
WK254,12.910300364399886,77.69878603979502,Intermediate,12.91,77.7
WK255,13.093968438727513,77.71369367008468,Pro,13.09,77.71
WK256,13.050384277970746,77.6215317056145,Intermediate,13.05,77.62
WK257,13.089894161080258,77.60523390552652,Beginner,13.09,77.61
WK258,12.97196351098159,77.5791282230963,Intermediate,12.97,77.58
WK259,12.877434049669375,77.54508397633734,Intermediate,12.88,77.55
WK260,12.986989872243424,77.58037878825762,Beginner,12.99,77.58
WK261,12.963594333639989,77.68216389671905,Beginner,12.96,77.68
WK262,13.061089270684903,77.63057702930455,Pro,13.06,77.63
WK263,12.87452064519606,77.71775698698646,Pro,12.87,77.72
WK264,12.972060284255445,77.58301400431375,Beginner,12.97,77.58
WK265,12.887512166173495,77.63212687361563,Beginner,12.89,77.63
WK266,12.931168981722514,77.6393922659276,Beginner,12.93,77.64
WK267,13.03433926934695,77.6275091486919,Intermediate,13.03,77.63
WK268,12.969004532342192,77.66079013192565,Intermediate,12.97,77.66
WK269,12.943972071286442,77.52123004051245,Intermediate,12.94,77.52
WK270,12.948619069642508,77.60370913326373,Beginner,12.95,77.6
WK271,12.964861692101497,77.4812674408425,Pro,12.96,77.48
WK272,13.046254135959265,77.56535339829344,Beginner,13.05,77.57
WK273,13.073021172235059,77.59630012058638,Intermediate,13.07,77.6
WK274,13.088833671625983,77.64566727786364,Intermediate,13.09,77.65
WK275,13.046725846563824,77.73515931577586,Beginner,13.05,77.74
WK276,12.928851723937003,77.63019531996451,Beginner,12.93,77.63
WK277,13.022033676521636,77.67307817485298,Intermediate,13.02,77.67
WK278,12.959400781013848,77.60187981784856,Intermediate,12.96,77.6
WK279,12.913667655511512,77.6402312094129,Intermediate,12.91,77.64
WK280,13.06021789485648,77.47127966484014,Beginner,13.06,77.47
WK281,12.859606587240581,77.52631747425255,Intermediate,12.86,77.53
WK282,13.075440498033856,77.55855592796155,Intermediate,13.08,77.56
WK283,12.965369366156184,77.59174800650196,Pro,12.97,77.59
WK284,13.00930036920207,77.46369462365072,Beginner,13.01,77.46
WK285,13.014838480551445,77.492007229266,Pro,13.01,77.49
WK286,13.073779435176634,77.5330442923374,Pro,13.07,77.53
WK287,13.009167420541802,77.74145980727032,Intermediate,13.01,77.74
WK288,13.003483396190015,77.54940410213092,Beginner,13.0,77.55
WK289,12.866663010140172,77.59461231743363,Intermediate,12.87,77.59
WK290,12.979602005486301,77.50882931382152,Beginner,12.98,77.51
WK291,12.88754225020426,77.63323402132274,Pro,12.89,77.63
WK292,13.034358442180372,77.53420496465479,Beginner,13.03,77.53
WK293,12.97805548020317,77.51209777353154,Intermediate,12.98,77.51
WK294,13.020056944802088,77.60497178853379,Intermediate,13.02,77.6
WK295,12.860418225150596,77.45165173974813,Intermediate,12.86,77.45
WK296,12.87119800401145,77.45229920979477,Beginner,12.87,77.45
WK297,13.02908084701567,77.51572064273056,Pro,13.03,77.52
WK298,12.868021083999668,77.46101640875025,Pro,12.87,77.46
WK299,12.867814181941315,77.48240772623922,Beginner,12.87,77.48
WK300,12.853027118808722,77.55165819480163,Intermediate,12.85,77.55
WK301,13.08912534957487,77.69077570387394,Pro,13.09,77.69
WK302,13.034377089864751,77.62161459301079,Intermediate,13.03,77.62
WK303,12.938312852125515,77.60380031778692,Beginner,12.94,77.6
WK304,12.924133895321914,77.53804664696244,Intermediate,12.92,77.54
WK305,12.937425807436462,77.72952611582984,Pro,12.94,77.73
WK306,13.043663382795295,77.56910451237115,Pro,13.04,77.57
WK307,13.015342652767604,77.47612783003873,Intermediate,13.02,77.48
WK308,12.896298891966866,77.63511995483535,Beginner,12.9,77.64
WK309,12.893527333833521,77.48415151804298,Intermediate,12.89,77.48
WK310,12.874598912428349,77.5535669428405,Beginner,12.87,77.55
WK311,13.015075679925333,77.60222358161535,Intermediate,13.02,77.6
WK312,13.041093165555434,77.71226675740556,Pro,13.04,77.71
WK313,12.916261607081251,77.59806397410203,Beginner,12.92,77.6
WK314,12.855236240257728,77.6606776298095,Beginner,12.86,77.66
WK315,12.870542916869107,77.74784505169973,Beginner,12.87,77.75
WK316,13.091965008711258,77.4894467359694,Pro,13.09,77.49
WK317,12.923861194369355,77.53241945765586,Intermediate,12.92,77.53
WK318,13.042305786959533,77.5683728226793,Pro,13.04,77.57
WK319,13.006165892213566,77.57654845356166,Beginner,13.01,77.58
WK320,12.945484909913224,77.57330632257967,Intermediate,12.95,77.57
WK321,12.901421815548888,77.72228330076696,Pro,12.9,77.72
WK322,12.88034660453985,77.66420979334006,Beginner,12.88,77.66
WK323,13.003753242009717,77.63237156422721,Beginner,13.0,77.63
WK324,13.043658445159446,77.54281181535883,Pro,13.04,77.54
WK325,13.010976063385282,77.69713711526639,Pro,13.01,77.7
WK326,12.98257553331229,77.7365181534455,Pro,12.98,77.74
WK327,12.86048780585791,77.69635948476507,Beginner,12.86,77.7
WK328,13.092122194398595,77.45046953155745,Pro,13.09,77.45
WK329,13.049678547913643,77.64092041105502,Beginner,13.05,77.64
WK330,12.92320550917524,77.46534061443263,Pro,12.92,77.47
WK331,13.094992582339712,77.52728216610012,Beginner,13.09,77.53
WK332,13.00047039740908,77.46785741010433,Beginner,13.0,77.47
WK333,12.995605664551812,77.63113863588482,Intermediate,13.0,77.63
WK334,13.037018294857383,77.65597697404779,Pro,13.04,77.66
WK335,13.052942447022534,77.48434629141977,Pro,13.05,77.48
WK336,13.014119651832875,77.5651516649135,Beginner,13.01,77.57
WK337,12.88202393659155,77.58687095268667,Beginner,12.88,77.59
WK338,12.934566876498625,77.56071590652827,Beginner,12.93,77.56
WK339,13.082020910081512,77.48630750014556,Intermediate,13.08,77.49
WK340,12.906153902960963,77.57568433705624,Intermediate,12.91,77.58
WK341,12.943041755959378,77.67535341434252,Beginner,12.94,77.68
WK342,12.958019220736048,77.47130229935998,Pro,12.96,77.47
WK343,12.959851247423613,77.47405400422457,Pro,12.96,77.47
WK344,13.003234895623631,77.5564313875508,Intermediate,13.0,77.56
WK345,13.085768959436177,77.73251771348568,Intermediate,13.09,77.73
WK346,12.910173177958125,77.65057179401687,Beginner,12.91,77.65
WK347,12.88037534407523,77.65360098700177,Pro,12.88,77.65
WK348,12.899367622464984,77.55857599725137,Beginner,12.9,77.56
WK349,13.071731225052318,77.62809823736256,Intermediate,13.07,77.63
WK350,13.011452703163801,77.45303935520833,Pro,13.01,77.45
WK351,12.92147669730979,77.64082881392287,Pro,12.92,77.64
WK352,13.053986734742153,77.72398608427287,Intermediate,13.05,77.72
WK353,13.065342499090859,77.63377204050344,Beginner,13.07,77.63
WK354,13.061628584672569,77.7121095780399,Beginner,13.06,77.71
WK355,13.079731633409889,77.66719191663982,Pro,13.08,77.67
WK356,12.91306025504334,77.48616752492111,Intermediate,12.91,77.49
WK357,13.03876048218657,77.72073599218575,Pro,13.04,77.72
WK358,12.965134874318535,77.46993315330674,Intermediate,12.97,77.47
WK359,13.060499638222515,77.61019024176433,Beginner,13.06,77.61
WK360,13.032122669290404,77.49264113713804,Intermediate,13.03,77.49
WK361,13.04411186162493,77.45351198321927,Beginner,13.04,77.45
WK362,13.014040459420267,77.57661027803829,Intermediate,13.01,77.58
WK363,12.894357192367426,77.53851221229625,Pro,12.89,77.54
WK364,12.986256729724234,77.59580014813928,Beginner,12.99,77.6
WK365,13.096167434881126,77.62315996602037,Pro,13.1,77.62
WK366,13.08434701662428,77.46312172169269,Pro,13.08,77.46
WK367,12.860793433949253,77.48690098853713,Beginner,12.86,77.49
WK368,12.891203703932359,77.61759271893513,Beginner,12.89,77.62
WK369,12.88293219336364,77.5529502059518,Pro,12.88,77.55
WK370,13.031494977496324,77.66875204626484,Pro,13.03,77.67
WK371,13.054446332464236,77.64568749457759,Pro,13.05,77.65
WK372,12.903377841577667,77.70368130889698,Pro,12.9,77.7
WK373,12.976463173237956,77.65774784800077,Beginner,12.98,77.66
WK374,13.0601757570028,77.57897932321704,Beginner,13.06,77.58
WK375,13.033200386191563,77.65188998671833,Pro,13.03,77.65
WK376,12.985559301372962,77.53261435227662,Intermediate,12.99,77.53
WK377,12.997586922614692,77.54189404963347,Intermediate,13.0,77.54
WK378,12.97709013672907,77.68669554797624,Beginner,12.98,77.69
WK379,12.924387112829704,77.58392585492048,Pro,12.92,77.58
WK380,12.991255498214754,77.68951410215551,Pro,12.99,77.69
WK381,13.022221325512522,77.69672671210049,Beginner,13.02,77.7
WK382,13.068330728965202,77.70726870129839,Intermediate,13.07,77.71
WK383,13.009072838494811,77.72499057075237,Intermediate,13.01,77.72
WK384,13.04028038426079,77.57929556615399,Intermediate,13.04,77.58
WK385,12.890017908738644,77.54566004549635,Beginner,12.89,77.55
WK386,12.965389368604948,77.62465962397823,Intermediate,12.97,77.62
WK387,12.852332904956773,77.5613517270313,Beginner,12.85,77.56
WK388,12.911669716130405,77.63032225004007,Beginner,12.91,77.63
WK389,13.03161542877825,77.66167575879315,Pro,13.03,77.66
WK390,13.09795248783734,77.65652150554764,Intermediate,13.1,77.66
WK391,12.874794524896803,77.56236586610603,Beginner,12.87,77.56
WK392,12.950373578965321,77.50005806050963,Intermediate,12.95,77.5
WK393,13.05001774217479,77.57915880153867,Intermediate,13.05,77.58
WK394,12.901008908657225,77.49277824322458,Pro,12.9,77.49
WK395,12.98877123732557,77.71702911055515,Intermediate,12.99,77.72
WK396,13.03326782400742,77.55376323822136,Pro,13.03,77.55
WK397,13.003996362565044,77.496337924167,Beginner,13.0,77.5
WK398,12.897006183653854,77.45763432797173,Intermediate,12.9,77.46
WK399,12.938846142171435,77.64374671588595,Beginner,12.94,77.64
WK400,13.045947946121348,77.64107069523642,Intermediate,13.05,77.64
WK401,12.988556628533004,77.5521812499744,Beginner,12.99,77.55
WK402,12.851307403385729,77.4715135666543,Intermediate,12.85,77.47
WK403,13.040247690007023,77.57288866846856,Intermediate,13.04,77.57
WK404,12.85882783873506,77.54336524851902,Intermediate,12.86,77.54
WK405,13.036433445682807,77.65313619192051,Intermediate,13.04,77.65
WK406,12.900620140041308,77.63173377483581,Intermediate,12.9,77.63
WK407,13.089518370029845,77.55937811845926,Intermediate,13.09,77.56
WK408,12.941985187825521,77.5153677662765,Intermediate,12.94,77.52
WK409,12.93173290408452,77.74641078984668,Intermediate,12.93,77.75
WK410,12.887222012583111,77.58620048635883,Intermediate,12.89,77.59
WK411,12.926401053872553,77.65648227073407,Beginner,12.93,77.66
WK412,13.06916269045705,77.49216589027351,Pro,13.07,77.49
WK413,13.099083584406811,77.59567690989782,Intermediate,13.1,77.6
WK414,12.942077382626712,77.45826101596084,Pro,12.94,77.46
WK415,12.962152657738635,77.60163653537313,Intermediate,12.96,77.6
WK416,13.030517734550683,77.73920522213531,Intermediate,13.03,77.74
WK417,13.071548945116268,77.56526201389575,Beginner,13.07,77.57
WK418,12.998261083546696,77.46169880377248,Beginner,13.0,77.46
WK419,12.947881424544457,77.4592867372758,Pro,12.95,77.46
WK420,12.953155460212155,77.56639602798407,Beginner,12.95,77.57
WK421,13.023904536624201,77.49800748093897,Beginner,13.02,77.5
WK422,12.85080456590107,77.45700562889846,Pro,12.85,77.46
WK423,13.00489733436496,77.67686408418506,Beginner,13.0,77.68
WK424,12.938873252610339,77.58755690266457,Intermediate,12.94,77.59
WK425,13.04854933281927,77.5367734315918,Pro,13.05,77.54
WK426,12.873247659955783,77.72002495490494,Pro,12.87,77.72
WK427,12.997050566737098,77.48484168806016,Intermediate,13.0,77.48
WK428,12.970243222471531,77.7367756486866,Beginner,12.97,77.74
WK429,13.010581381476307,77.5441900152132,Pro,13.01,77.54
WK430,12.866213398620742,77.7165211016926,Pro,12.87,77.72
WK431,12.994995946857033,77.63088286294384,Intermediate,12.99,77.63
WK432,12.990371146989881,77.69801220792245,Intermediate,12.99,77.7
WK433,12.990165023604042,77.74520394896314,Beginner,12.99,77.75
WK434,13.000871916649114,77.53652163134562,Pro,13.0,77.54
WK435,13.01911698430659,77.73834064562227,Beginner,13.02,77.74
WK436,13.051247249920191,77.56684456847073,Beginner,13.05,77.57
WK437,12.917455180032054,77.56565357142108,Intermediate,12.92,77.57
WK438,13.056262352545016,77.55211613127635,Pro,13.06,77.55
WK439,12.974563920565863,77.61242228220428,Pro,12.97,77.61
WK440,12.869264569783583,77.49624351295355,Pro,12.87,77.5
WK441,12.864637732310994,77.61611344560741,Intermediate,12.86,77.62
WK442,12.933559579674014,77.61251144372301,Intermediate,12.93,77.61
WK443,13.046224244277866,77.67857054378146,Intermediate,13.05,77.68
WK444,13.026920233685228,77.70009498858127,Intermediate,13.03,77.7
WK445,13.047153741168101,77.58213240509373,Intermediate,13.05,77.58
WK446,12.979317264110403,77.54069997480545,Pro,12.98,77.54
WK447,12.960049749488872,77.52780046919513,Beginner,12.96,77.53
WK448,12.88686313167657,77.50838715101146,Pro,12.89,77.51
WK449,12.932048188402328,77.46729427465971,Beginner,12.93,77.47
WK450,12.95850484154347,77.55273439365041,Intermediate,12.96,77.55
WK451,12.872150107419904,77.53107430763924,Beginner,12.87,77.53
WK452,12.905152988177802,77.73992521575992,Pro,12.91,77.74
WK453,12.999556323515934,77.61731264787501,Pro,13.0,77.62
WK454,13.033915778559797,77.55418311170915,Beginner,13.03,77.55
WK455,13.099586877848237,77.6241402802981,Intermediate,13.1,77.62
WK456,13.083278332835889,77.49175901040371,Intermediate,13.08,77.49
WK457,13.010641299883797,77.58321312476066,Pro,13.01,77.58
WK458,12.955312013323518,77.63787029642631,Beginner,12.96,77.64
WK459,13.009044341177058,77.59666934953773,Intermediate,13.01,77.6
WK460,13.046412904520057,77.5705336401963,Intermediate,13.05,77.57
WK461,12.879584047730846,77.74815451666991,Pro,12.88,77.75
WK462,12.952476222424071,77.71409442864469,Intermediate,12.95,77.71
WK463,13.059950571408905,77.63702178744784,Beginner,13.06,77.64
WK464,12.94595823798326,77.62081320835469,Pro,12.95,77.62
WK465,12.992968067806796,77.63619814394738,Pro,12.99,77.64
WK466,12.996942340215549,77.51039363234673,Beginner,13.0,77.51
WK467,12.89611906328341,77.5685413229793,Pro,12.9,77.57
WK468,12.940558860413072,77.46183785986727,Intermediate,12.94,77.46
WK469,12.933627822185482,77.59266381124606,Intermediate,12.93,77.59
WK470,12.856549177133015,77.6129073751873,Beginner,12.86,77.61
WK471,12.856047940972838,77.51832492083096,Intermediate,12.86,77.52
WK472,13.057924260918943,77.73920865414965,Beginner,13.06,77.74
WK473,12.918267702493203,77.72283638328118,Beginner,12.92,77.72
WK474,12.979519691559704,77.66664297063677,Intermediate,12.98,77.67
WK475,12.924681393397194,77.61001598862961,Beginner,12.92,77.61
WK476,13.085169811278835,77.7109907478943,Intermediate,13.09,77.71
WK477,12.914824189716443,77.48919570314705,Pro,12.91,77.49
WK478,12.957414203184733,77.68715293828247,Pro,12.96,77.69
WK479,13.06818256262115,77.48744624419005,Beginner,13.07,77.49
WK480,13.060483391697952,77.68826319876482,Intermediate,13.06,77.69
WK481,12.896525354461568,77.53273027047541,Intermediate,12.9,77.53
WK482,13.050660827448928,77.71312717430546,Pro,13.05,77.71
WK483,12.964546721684473,77.73321262814763,Pro,12.96,77.73
WK484,12.97074221802134,77.49463879082154,Intermediate,12.97,77.49
WK485,12.883369993103985,77.58880268151962,Beginner,12.88,77.59
WK486,12.87015037843928,77.7442962134488,Pro,12.87,77.74
WK487,13.031984826743441,77.59502223079194,Beginner,13.03,77.6
WK488,12.974115288088825,77.70906425675436,Beginner,12.97,77.71
WK489,12.959212675653795,77.6266194566394,Pro,12.96,77.63
WK490,13.0323770571631,77.56259897237588,Beginner,13.03,77.56
WK491,13.041378224747778,77.53573506665776,Beginner,13.04,77.54
WK492,12.889727041917338,77.51096692732582,Intermediate,12.89,77.51
WK493,13.00255628736941,77.67853945741331,Beginner,13.0,77.68
WK494,12.883838520569421,77.56596215204691,Intermediate,12.88,77.57
WK495,13.03784377150726,77.60338263866022,Pro,13.04,77.6
WK496,13.014238789066784,77.59769764400036,Pro,13.01,77.6
WK497,13.089153655270865,77.62318370876994,Intermediate,13.09,77.62
WK498,12.867239504089104,77.70967314368737,Pro,12.87,77.71
WK499,12.864263680287813,77.74422180307504,Beginner,12.86,77.74
WK500,12.920546768673299,77.57227526257215,Beginner,12.92,77.57
